review_id,dataset_idx,true_class,confidence,my_review,notes
1,7758,HerbaceousVegetation,0.998,label_wrong,
2,18249,PermanentCrop,0.997,ambiguous,
3,18446,PermanentCrop,0.991,model_error,
4,17308,PermanentCrop,0.991,ambiguous,
5,16910,PermanentCrop,0.99,model_error,
6,17622,PermanentCrop,0.98,label_wrong,
7,14552,Pasture,0.969,ambiguous,
8,18309,PermanentCrop,0.962,model_error,
9,16748,PermanentCrop,0.937,model_error,
10,15906,Pasture,0.915,model_error,
11,23322,River,0.912,label_wrong,
12,14531,Pasture,0.903,label_wrong,
13,14082,Pasture,0.902,ambiguous,
14,4670,Forest,0.894,label_wrong,
15,17373,PermanentCrop,0.892,model_error,
16,15743,Pasture,0.884,ambiguous,
17,17482,PermanentCrop,0.878,model_error,
18,17153,PermanentCrop,0.864,model_error,
19,14820,Pasture,0.849,ambiguous,
20,14486,Pasture,0.848,model_error,
21,17461,PermanentCrop,0.844,model_error,
22,17771,PermanentCrop,0.841,model_error,
23,18117,PermanentCrop,0.837,model_error,
24,17087,PermanentCrop,0.833,model_error,
25,15883,Pasture,0.83,label_wrong,
26,23443,River,0.795,label_wrong,
27,18311,PermanentCrop,0.793,ambiguous,
28,15562,Pasture,0.787,model_error,
29,21767,River,0.774,ambiguous,
30,15106,Pasture,0.76,ambiguous,
31,16390,PermanentCrop,0.753,label_wrong,
32,14414,Pasture,0.745,model_error,
33,14870,Pasture,0.737,ambiguous,
34,17879,PermanentCrop,0.723,label_wrong,
35,17508,PermanentCrop,0.71,model_error,
36,15761,Pasture,0.7,model_error,
37,21972,River,0.684,ambiguous,
38,18052,PermanentCrop,0.672,model_error,
39,14257,Pasture,0.665,model_error,
40,14828,Pasture,0.658,model_error,
41,15845,Pasture,0.642,ambiguous,
42,17159,PermanentCrop,0.642,model_error,
43,16807,PermanentCrop,0.627,model_error,
44,17715,PermanentCrop,0.624,model_error,
45,18017,PermanentCrop,0.586,model_error,
46,14939,Pasture,0.556,label_wrong,
47,15061,Pasture,0.555,model_error,
48,14686,Pasture,0.542,model_error,
49,16648,PermanentCrop,0.514,model_error,
50,17680,PermanentCrop,0.507,model_error,
51,15177,Pasture,0.491,model_error,
52,6514,HerbaceousVegetation,0.44,label_wrong,
53,23781,River,0.397,label_wrong,
54,22967,River,0.363,model_error,
