review_id,my_review
1,ambiguous
2,clear
3,clear
4,clear
5,clear
6,ambiguous
7,label_wrong
8,label_wrong
9,clear
10,ambiguous
11,clear
12,ambiguous
13,clear
14,clear
15,clear
16,clear
17,clear
18,ambiguous
19,clear
20,clear
21,clear
22,ambiguous
23,clear
24,clear
25,clear
26,label_wrong
27,clear
28,clear
29,ambiguous
30,clear
31,clear
32,clear
33,clear
34,label_wrong
35,label_wrong
36,ambiguous
37,clear
38,ambiguous
39,clear
40,clear
41,clear
42,label_wrong
43,label_wrong
44,clear
45,label_wrong
46,clear
47,clear
48,label_wrong
49,label_wrong
50,ambiguous
51,ambiguous
52,clear
53,label_wrong
54,label_wrong
55,label_wrong
56,clear
57,ambiguous
58,clear
59,label_wrong
60,ambiguous
