review_id,dataset_idx,true_class,source
1,17858,PermanentCrop,correct
2,14686,Pasture,error
3,14486,Pasture,error
4,15708,Pasture,correct
5,15883,Pasture,error
6,18249,PermanentCrop,error
7,18052,PermanentCrop,error
8,17482,PermanentCrop,error
9,15636,Pasture,correct
10,17373,PermanentCrop,error
11,14852,Pasture,correct
12,16748,PermanentCrop,error
13,15920,Pasture,correct
14,14069,Pasture,correct
15,17087,PermanentCrop,error
16,14257,Pasture,error
17,14082,Pasture,error
18,17764,PermanentCrop,correct
19,14231,Pasture,correct
20,15743,Pasture,error
21,15254,Pasture,correct
22,17289,PermanentCrop,correct
23,15037,Pasture,correct
24,17371,PermanentCrop,correct
25,15845,Pasture,error
26,16106,PermanentCrop,correct
27,14552,Pasture,error
28,15906,Pasture,error
29,16653,PermanentCrop,correct
30,18440,PermanentCrop,correct
31,15552,Pasture,correct
32,16035,PermanentCrop,correct
33,15761,Pasture,error
34,15061,Pasture,error
35,17715,PermanentCrop,error
36,14939,Pasture,error
37,14820,Pasture,error
38,14430,Pasture,correct
39,14042,Pasture,correct
40,15343,Pasture,correct
41,17153,PermanentCrop,error
42,17879,PermanentCrop,error
43,16648,PermanentCrop,error
44,14870,Pasture,error
45,18180,PermanentCrop,correct
46,14437,Pasture,correct
47,14199,Pasture,correct
48,17350,PermanentCrop,correct
49,16385,PermanentCrop,correct
50,18017,PermanentCrop,error
51,18309,PermanentCrop,error
52,17508,PermanentCrop,error
53,15177,Pasture,error
54,17072,PermanentCrop,correct
55,16910,PermanentCrop,error
56,17771,PermanentCrop,error
57,17100,PermanentCrop,correct
58,15596,Pasture,correct
59,18431,PermanentCrop,correct
60,16241,PermanentCrop,correct
